<?xml version="1.0"?>
<project name="examples" default="EggTimer">

  <path id="examples_classpath">
    <pathelement location="lib/calendrica.jar"/>
    <pathelement location="lib/junit.jar"/>
    <pathelement path="classes"/>
  </path>

  <target name="EggTimer">
    <java classname="org.tiling.scheduling.examples.EggTimer" fork="true">
      <classpath>
        <path refid="examples_classpath"/>
      </classpath>
    </java>
  </target>

  <target name="AlarmClock">
    <java classname="org.tiling.scheduling.examples.AlarmClock" fork="true">
      <classpath>
        <path refid="examples_classpath"/>
      </classpath>
    </java>
  </target>

  <target name="HeatingController">
    <java classname="org.tiling.scheduling.examples.HeatingController" fork="true">
      <classpath>
        <path refid="examples_classpath"/>
      </classpath>
    </java>
  </target>

  <target name="SecurityLight">
    <java classname="org.tiling.scheduling.examples.SecurityLight" fork="true">
      <classpath>
        <path refid="examples_classpath"/>
      </classpath>
    </java>
  </target>

</project>